﻿<?xml version="1.0" encoding="utf-8" ?>
<Defs>

  <RulePackDef>
    <defName>NamerPersonRome</defName>
    <rulePack>
      <rulesStrings>
        <li>name->[NamesRome] of [PlacesRome]</li>
        <li>name->[NamesRome] [NamesRome]</li>
		<li>name->[NamesRome] the [Numbers].</li>
		<li>name->[NamesRome] [NamesRome] of [PlacesRome]</li>
        <li>name->[NamesRome] [NamesRome] [NamesRome]</li>
		<li>name->[NamesRome] [NamesRome] the [Numbers].</li>
      </rulesStrings>
      <rulesRaw>
	    <li Class="Rule_File">
          <keyword>Numbers</keyword>
          <path>Words/Foreign/Numbers</path>
        </li>
        <li Class="Rule_File">
          <keyword>NamesRome</keyword>
          <path>Words/Foreign/NamesRome</path>
        </li>
		<li Class="Rule_File">
          <keyword>PlacesRome</keyword>
          <path>Words/Foreign/PlacesRome</path>
        </li>
      </rulesRaw>
    </rulePack>
  </RulePackDef>
  
  <RulePackDef>
    <defName>NamerFactionBaseRome</defName>
    <rulePack>
      <rulesStrings>
        <li>name->[PlacesRome]</li>
      </rulesStrings>
      <rulesRaw>
        <li Class="Rule_File">
          <keyword>PlacesRome</keyword>
          <path>Words/Foreign/PlacesRome</path>
        </li>
      </rulesRaw>
    </rulePack>
  </RulePackDef>
  
  <RulePackDef>
    <defName>NamerFactionRome</defName>
    <rulePack>
      <rulesStrings>
        <li>name-> Imperium Romana</li>
		<li>name-> Roma</li>
		<li>name-> Roman Empire</li>
		<li>name-> Roman Republic</li>
		<li>name-> Latin League</li>
      </rulesStrings>
    </rulePack>
  </RulePackDef>
  <RulePackDef>
    <defName>NamerFactionHellada</defName>
    <rulePack>
      <rulesStrings>
        <li>name-> Hellada</li>
		<li>name-> Greece</li>
		<li>name-> The Greek Cities</li>
		<li>name-> Delian League</li>
		<li>name-> Athenian Empire</li>
      </rulesStrings>
    </rulePack>
  </RulePackDef>
  <RulePackDef>
    <defName>NamerFactionSparta</defName>
    <rulePack>
      <rulesStrings>
        <li>name-> Sparta</li>
		<li>name-> Peloponnesian League</li>
		<li>name-> Spartan Kingdom</li>
		<li>name-> Spartan Empire</li>
		<li>name-> Laconia</li>
      </rulesStrings>
    </rulePack>
  </RulePackDef>
  <RulePackDef>
    <defName>NamerFactionMacedonia</defName>
    <rulePack>
      <rulesStrings>
        <li>name-> Macedonia</li>
		<li>name-> Macedonian Kingdom</li>
		<li>name-> Macedonian Empire</li>
		<li>name-> Alexanders Empire</li>
		<li>name-> Seleukid Empire</li>
      </rulesStrings>
    </rulePack>
  </RulePackDef>
  
</Defs>